Epic,Feature,User Story,Task,Story Points,Status,Package/Class,Implementation Notes,Industry Standard,Workflow Reference,Documentation Link
User Management & Authentication,User Profile Management,"As a user, I want to manage my profile",Implement user avatar upload with image cropping,3,TODO,base.users.view.CDialogUserProfile,"Use CUpload component, add cropping dialog, validate image size/format, store in profile-pictures/",,,
User Management & Authentication,User Profile Management,"As a user, I want to manage my profile",Add user signature field for documents,2,TODO,base.users.domain.CUser,"Add signature TEXT field, create signature pad component, allow upload or draw signature",,,
User Management & Authentication,User Profile Management,"As a user, I want to manage my profile",Implement user notification preferences,5,TODO,base.users.domain.CUserNotificationPreferences,"Create entity for email/in-app/push notifications, add preferences dialog, respect settings in CNotificationService",,,
User Management & Authentication,User Profile Management,"As a user, I want to manage my profile",Add user timezone and locale settings,3,TODO,base.users.domain.CUser,"Add timezone/locale fields, use in all date/time displays, add to user profile dialog",,,
User Management & Authentication,User Profile Management,"As a user, I want to manage my profile",Implement user theme preferences (light/dark mode),5,TODO,api.ui.theme,"Add theme switcher, persist preference in CUserSettings, apply dynamically using Vaadin theming",,,
User Management & Authentication,Password & Security,"As a user, I want secure authentication",Implement password strength validation,2,TODO,base.users.service.CUserService,"Add PasswordValidator with min 8 chars, uppercase, lowercase, number, special char requirements",,,
User Management & Authentication,Password & Security,"As a user, I want secure authentication",Add password expiry and forced reset,5,TODO,base.users.domain.CUser,"Add passwordExpiryDate, lastPasswordChange fields, force reset dialog on login if expired",,,
User Management & Authentication,Password & Security,"As a user, I want secure authentication",Implement two-factor authentication (2FA),8,TODO,base.users.service.CAuthenticationService,"Add TOTP-based 2FA using Google Authenticator, QR code generation, backup codes",,,
User Management & Authentication,Password & Security,"As a user, I want secure authentication",Add login attempt tracking and account lockout,3,TODO,base.users.domain.CUserLoginAttempt,"Track failed attempts, lock account after 5 failures, admin unlock capability",,,
User Management & Authentication,Password & Security,"As a user, I want secure authentication",Implement session timeout and concurrent session control,5,TODO,api.config.SecurityConfig,"Add configurable session timeout, limit concurrent sessions per user, show active sessions in profile",,,
User Management & Authentication,User Directory,"As a user, I want to find colleagues quickly",Implement user directory with advanced search,5,TODO,base.users.view.CUserDirectoryView,"Add searchable user grid with filters: role, department, team, status, skills",,,
User Management & Authentication,User Directory,"As a user, I want to find colleagues quickly",Add user skill/expertise tagging,3,TODO,base.users.domain.CUserSkill,"Create skill entity, many-to-many with users, add skill management dialog",,,
User Management & Authentication,User Directory,"As a user, I want to find colleagues quickly",Implement organization chart view,8,TODO,base.users.view.COrganizationChartView,"Create hierarchical org chart using d3.js or similar, show reporting structure, clickable nodes",,,
Leave Management System,Leave Request Management,"As an employee, I want to request time off","Create CLeaveRequest entity with type, dates, reason",3,TODO,app.leave.domain.CLeaveRequest,"Extend CEntityOfCompany, add leaveType, startDate, endDate, reason, approvalStatus, approvedBy, attachment",,,
Leave Management System,Leave Request Management,"As an employee, I want to request time off","Create CLeaveType entity (Vacation, Sick, Personal, etc.)",2,TODO,app.leave.domain.CLeaveType,"Extend CEntityNamed, add color, requiresApproval, maxDaysPerYear, allowNegativeBalance",,,
Leave Management System,Leave Request Management,"As an employee, I want to request time off",Implement leave request form with date picker,5,TODO,app.leave.view.CDialogLeaveRequest,"Extend CDBEditDialog, use FormBuilder, add date range picker, leave type combo, reason text area, attachment upload",,,
Leave Management System,Leave Request Management,"As an employee, I want to request time off",Add leave balance validation before submission,3,TODO,app.leave.service.CLeaveRequestService,"Check available balance, prevent overdraft unless allowed, show warning if balance low",,,
Leave Management System,Leave Request Management,"As an employee, I want to request time off",Implement leave request approval workflow,8,TODO,app.leave.service.CLeaveApprovalService,"Multi-level approval (manager → HR), email notifications, approval/reject buttons, add comments",,,
Leave Management System,Leave Calendar,"As a manager, I want to see team availability",Create team leave calendar view (monthly),8,TODO,app.leave.view.CTeamLeaveCalendarView,"Use Vaadin FullCalendar addon, show all team members' leave, color by type, click to view details",,,
Leave Management System,Leave Calendar,"As a manager, I want to see team availability",Add individual leave calendar in user profile,5,TODO,base.users.view.CUserLeaveCalendarView,"Show user's leave history and future requests, integrate with profile page",,,
Leave Management System,Leave Calendar,"As a manager, I want to see team availability",Implement company-wide holiday calendar,3,TODO,app.leave.domain.CCompanyHoliday,"Entity for public holidays, show in all calendars, automatic in leave calculations",,,
Leave Management System,Leave Calendar,"As a manager, I want to see team availability",Add week/day view options for calendar,5,TODO,app.leave.view.CLeaveCalendarView,"Toggle between month/week/day views, responsive design, export to PDF/Excel",,,
Leave Management System,Leave Calendar,"As a manager, I want to see team availability",Implement leave conflict detection,5,TODO,app.leave.service.CLeaveConflictService,"Alert if too many team members request same dates, suggest alternatives, enforce minimum staffing",,,
Leave Management System,Leave Balance Management,"As HR, I want to track leave balances",Create CLeaveBalance entity with accruals,3,TODO,app.leave.domain.CLeaveBalance,"Track balance per user per leave type, opening balance, accrued, used, carried forward",,,
Leave Management System,Leave Balance Management,"As HR, I want to track leave balances",Implement automatic leave accrual (monthly/yearly),5,TODO,app.leave.service.CLeaveAccrualService,"Scheduled job to accrue leave, configurable rules per leave type, pro-rata for new joiners",,,
Leave Management System,Leave Balance Management,"As HR, I want to track leave balances",Add leave balance adjustment capability (HR only),3,TODO,app.leave.view.CLeaveBalanceAdjustmentDialog,"Manual adjustment with reason, audit log, approval workflow",,,
Leave Management System,Leave Balance Management,"As HR, I want to track leave balances",Show leave balance in user dashboard widget,2,TODO,app.leave.widget.CWidgetLeaveBalance,"Display current balances, expiring soon alerts, quick request button",,,
Leave Management System,Leave Balance Management,"As HR, I want to track leave balances",Generate leave balance reports (per user/team/company),5,TODO,app.leave.report.CLeaveBalanceReport,"Export to Excel/PDF, filters by date range, department, leave type",,,
Leave Management System,Out-of-Office Management,"As a user, I want to set OOO status",Add out-of-office flag with auto-reply message,3,TODO,base.users.domain.CUser,"Add isOutOfOffice, oooMessage, oooStartDate, oooEndDate fields",,,
Leave Management System,Out-of-Office Management,"As a user, I want to set OOO status",Show OOO badge on user avatar/name,2,DONE,api.ui.component.CComponentUserIcon,"Already shows status badge, extend to include OOO indicator",,,
Leave Management System,Out-of-Office Management,"As a user, I want to set OOO status",Implement work delegation during OOO,5,TODO,app.leave.domain.CWorkDelegation,"Assign tasks/approvals to colleague, automatic reassignment, notification to delegate",,,
Time Tracking & Timesheet,Time Entry Management,"As a user, I want to log time spent",Create CTimeEntry entity,3,TODO,app.timetracking.domain.CTimeEntry,"Extend CEntityDB, add user, activity, date, hours, description, billable flag, approved status",,,
Time Tracking & Timesheet,Time Entry Management,"As a user, I want to log time spent",Implement time entry dialog with activity selector,5,TODO,app.timetracking.view.CDialogTimeEntry,"Quick entry form: date picker, activity combo (recent activities first), hours, description",,,
Time Tracking & Timesheet,Time Entry Management,"As a user, I want to log time spent",Add time entry grid with inline editing,8,TODO,app.timetracking.view.CTimeEntryGridView,"Editable grid, week view, copy from previous week, bulk delete, keyboard shortcuts",,,
Time Tracking & Timesheet,Time Entry Management,"As a user, I want to log time spent",Implement timer functionality for real-time tracking,5,TODO,app.timetracking.component.CComponentTimer,"Start/stop timer, running timer widget, auto-save on stop, handle browser close",,,
Time Tracking & Timesheet,Time Entry Management,"As a user, I want to log time spent",Add time entry templates for recurring tasks,3,TODO,app.timetracking.domain.CTimeEntryTemplate,"Save frequent entries as templates, quick apply, schedule recurring entries",,,
Time Tracking & Timesheet,Timesheet Management,"As a user, I want to submit timesheets",Create CTimesheet entity (weekly/monthly),3,TODO,app.timetracking.domain.CTimesheet,"Aggregate time entries, submission status, approval workflow, period dates",,,
Time Tracking & Timesheet,Timesheet Management,"As a user, I want to submit timesheets",Implement timesheet submission workflow,5,TODO,app.timetracking.service.CTimesheetService,"Validate minimum hours, submit for approval, lock period after submission, recall capability",,,
Time Tracking & Timesheet,Timesheet Management,"As a user, I want to submit timesheets",Add timesheet approval interface for managers,5,TODO,app.timetracking.view.CTimesheetApprovalView,"Grid of pending timesheets, bulk approve/reject, add comments, email notifications",,,
Time Tracking & Timesheet,Timesheet Management,"As a user, I want to submit timesheets",Implement timesheet reminders,3,TODO,app.timetracking.service.CTimesheetReminderService,"Scheduled job to remind users with incomplete timesheets, configurable frequency",,,
Time Tracking & Timesheet,Timesheet Management,"As a user, I want to submit timesheets",Generate timesheet reports,5,TODO,app.timetracking.report.CTimesheetReport,"Export approved timesheets, filters by user/project/date, Excel/PDF output",,,
Time Tracking & Timesheet,Time Analysis,"As a manager, I want to analyze time spent",Create time utilization dashboard,8,TODO,app.timetracking.view.CTimeUtilizationDashboard,"Charts: hours by project, hours by user, billable vs non-billable, trends over time",,,
Time Tracking & Timesheet,Time Analysis,"As a manager, I want to analyze time spent",Implement project time budget tracking,5,TODO,app.projects.domain.CProjectBudget,"Add estimated hours, track actual hours, show progress, alerts when over budget",,,
Time Tracking & Timesheet,Time Analysis,"As a manager, I want to analyze time spent",Add activity time allocation report,3,TODO,app.timetracking.report.CActivityTimeReport,"Time spent per activity, compare estimated vs actual, identify bottlenecks",,,
Kanban Board Enhancements,Kanban Customization,"As a user, I want to customize kanban columns",Add column configuration dialog,5,DONE,app.kanban.domain.CKanbanColumn,"Already implemented, verify WIP limits work correctly",Kanban Method (David J. Anderson),Kanban Method: Backlog→Selected→In Progress→Review/QA→Done (with WIP limits),docs/standards/WORKFLOW_STATES_STANDARDS.md#3-kanban-workflow-david-j-anderson
Kanban Board Enhancements,Kanban Customization,"As a user, I want to customize kanban columns",Implement column WIP (Work In Progress) limit enforcement,3,TODO,app.kanban.service.CKanbanService,"Prevent adding more items than WIP limit, show visual warning, allow override with permission",Kanban Method (David J. Anderson),Kanban Method: Backlog→Selected→In Progress→Review/QA→Done (with WIP limits),docs/standards/WORKFLOW_STATES_STANDARDS.md#3-kanban-workflow-david-j-anderson
Kanban Board Enhancements,Kanban Customization,"As a user, I want to customize kanban columns",Add column color customization,2,TODO,app.kanban.domain.CKanbanColumn,"Add colorCode field, apply to column headers, color picker in config dialog",Kanban Method (David J. Anderson),Kanban Method: Backlog→Selected→In Progress→Review/QA→Done (with WIP limits),docs/standards/WORKFLOW_STATES_STANDARDS.md#3-kanban-workflow-david-j-anderson
Kanban Board Enhancements,Kanban Customization,"As a user, I want to customize kanban columns",Implement column templates for common workflows,3,TODO,app.kanban.domain.CKanbanTemplate,"Pre-defined templates: Scrum, Bug Tracking, Feature Development, save custom templates",Kanban Method (David J. Anderson),Kanban Method: Backlog→Selected→In Progress→Review/QA→Done (with WIP limits),docs/standards/WORKFLOW_STATES_STANDARDS.md#3-kanban-workflow-david-j-anderson
Kanban Board Enhancements,Kanban Card Enhancements,"As a user, I want richer kanban cards",Add card cover image/color,3,TODO,app.kanban.component.CComponentKanbanPostit,"Allow setting cover image or color, show prominently on card, upload/color picker",Kanban Method (David J. Anderson),Kanban Method: Backlog→Selected→In Progress→Review/QA→Done (with WIP limits),docs/standards/WORKFLOW_STATES_STANDARDS.md#3-kanban-workflow-david-j-anderson
Kanban Board Enhancements,Kanban Card Enhancements,"As a user, I want richer kanban cards",Show task checklist progress on card,5,TODO,app.activities.domain.CActivityChecklist,"Create checklist entity, show progress bar on card, quick add/check items",Kanban Method (David J. Anderson),Kanban Method: Backlog→Selected→In Progress→Review/QA→Done (with WIP limits),docs/standards/WORKFLOW_STATES_STANDARDS.md#3-kanban-workflow-david-j-anderson
Kanban Board Enhancements,Kanban Card Enhancements,"As a user, I want richer kanban cards",Add card labels/tags for categorization,3,TODO,app.activities.domain.CActivityLabel,"Many-to-many labels, color-coded, show on card, filter by label",Kanban Method (David J. Anderson),Kanban Method: Backlog→Selected→In Progress→Review/QA→Done (with WIP limits),docs/standards/WORKFLOW_STATES_STANDARDS.md#3-kanban-workflow-david-j-anderson
Kanban Board Enhancements,Kanban Card Enhancements,"As a user, I want richer kanban cards",Implement card age indicator,2,TODO,app.kanban.component.CComponentKanbanPostit,"Calculate days in column, visual indicator (green→yellow→red), configurable thresholds",Kanban Method (David J. Anderson),Kanban Method: Backlog→Selected→In Progress→Review/QA→Done (with WIP limits),docs/standards/WORKFLOW_STATES_STANDARDS.md#3-kanban-workflow-david-j-anderson
Kanban Board Enhancements,Kanban Card Enhancements,"As a user, I want richer kanban cards",Add quick actions menu on card hover,5,TODO,app.kanban.component.CComponentKanbanPostit,"Context menu: Edit, Delete, Move, Add to Sprint, Assign, Add Comment",Kanban Method (David J. Anderson),Kanban Method: Backlog→Selected→In Progress→Review/QA→Done (with WIP limits),docs/standards/WORKFLOW_STATES_STANDARDS.md#3-kanban-workflow-david-j-anderson
Kanban Board Enhancements,Kanban Filtering,"As a user, I want to filter kanban cards",Enhance existing filters with saved filter sets,5,TODO,app.kanban.view.CKanbanView,"Save filter combinations, quick apply, share with team, default filter",Kanban Method (David J. Anderson),Kanban Method: Backlog→Selected→In Progress→Review/QA→Done (with WIP limits),docs/standards/WORKFLOW_STATES_STANDARDS.md#3-kanban-workflow-david-j-anderson
Kanban Board Enhancements,Kanban Filtering,"As a user, I want to filter kanban cards",Add full-text search across cards,3,TODO,app.kanban.view.CKanbanView,"Search in title, description, comments, highlight results, show count",Kanban Method (David J. Anderson),Kanban Method: Backlog→Selected→In Progress→Review/QA→Done (with WIP limits),docs/standards/WORKFLOW_STATES_STANDARDS.md#3-kanban-workflow-david-j-anderson
Kanban Board Enhancements,Kanban Filtering,"As a user, I want to filter kanban cards",Implement swimlane grouping,8,TODO,app.kanban.view.CKanbanView,"Group cards by: Assignee, Priority, Epic, User Story, horizontal swimlanes",Kanban Method (David J. Anderson),Kanban Method: Backlog→Selected→In Progress→Review/QA→Done (with WIP limits),docs/standards/WORKFLOW_STATES_STANDARDS.md#3-kanban-workflow-david-j-anderson
Kanban Board Enhancements,Kanban Analytics,"As a manager, I want kanban metrics",Create cumulative flow diagram,8,TODO,app.kanban.analytics.CCumulativeFlowDiagram,"Track items in each column over time, stacked area chart, identify bottlenecks",Kanban Method (David J. Anderson),Kanban Method: Backlog→Selected→In Progress→Review/QA→Done (with WIP limits),docs/standards/WORKFLOW_STATES_STANDARDS.md#3-kanban-workflow-david-j-anderson
Kanban Board Enhancements,Kanban Analytics,"As a manager, I want kanban metrics",Implement cycle time analysis,5,TODO,app.kanban.analytics.CCycleTimeReport,"Calculate average time from start to done, per item type, per user, trends",Kanban Method (David J. Anderson),Kanban Method: Backlog→Selected→In Progress→Review/QA→Done (with WIP limits),docs/standards/WORKFLOW_STATES_STANDARDS.md#3-kanban-workflow-david-j-anderson
Kanban Board Enhancements,Kanban Analytics,"As a manager, I want kanban metrics",Add lead time tracking,5,TODO,app.kanban.analytics.CLeadTimeReport,"Track from creation to completion, compare with cycle time, identify delays",Kanban Method (David J. Anderson),Kanban Method: Backlog→Selected→In Progress→Review/QA→Done (with WIP limits),docs/standards/WORKFLOW_STATES_STANDARDS.md#3-kanban-workflow-david-j-anderson
Kanban Board Enhancements,Kanban Analytics,"As a manager, I want kanban metrics",Create throughput report,3,TODO,app.kanban.analytics.CThroughputReport,"Items completed per week/sprint, trends, velocity calculation",Kanban Method (David J. Anderson),Kanban Method: Backlog→Selected→In Progress→Review/QA→Done (with WIP limits),docs/standards/WORKFLOW_STATES_STANDARDS.md#3-kanban-workflow-david-j-anderson
Sprint & Agile Enhancements,Sprint Planning,"As a scrum master, I want effective sprint planning",Create sprint planning view with drag-drop from backlog,8,TODO,app.sprints.view.CSprintPlanningView,"Split view: backlog on left, sprint on right, drag items between, show capacity",Scrum Guide 2020,Scrum Guide 2020 Workflow: Backlog→Ready→To Do→In Progress→Code Review→Testing→Done,docs/standards/WORKFLOW_STATES_STANDARDS.md#2-sprintagile-workflow-scrum-guide-2020
Sprint & Agile Enhancements,Sprint Planning,"As a scrum master, I want effective sprint planning",Add team capacity planning,5,TODO,app.sprints.domain.CSprintCapacity,"Track team member availability, holidays, calculate total capacity, compare with commitment",Scrum Guide 2020,Scrum Guide 2020 Workflow: Backlog→Ready→To Do→In Progress→Code Review→Testing→Done,docs/standards/WORKFLOW_STATES_STANDARDS.md#2-sprintagile-workflow-scrum-guide-2020
Sprint & Agile Enhancements,Sprint Planning,"As a scrum master, I want effective sprint planning",Implement story point estimation poker,8,TODO,app.sprints.view.CPlanningPokerView,"Real-time collaborative estimation, Fibonacci cards, reveal simultaneously, average calculation",Scrum Guide 2020,Scrum Guide 2020 Workflow: Backlog→Ready→To Do→In Progress→Code Review→Testing→Done,docs/standards/WORKFLOW_STATES_STANDARDS.md#2-sprintagile-workflow-scrum-guide-2020
Sprint & Agile Enhancements,Sprint Planning,"As a scrum master, I want effective sprint planning",Add sprint goal definition,2,TODO,app.sprints.domain.CSprint,"Add goal field, show prominently, track achievement in review",Scrum Guide 2020,Scrum Guide 2020 Workflow: Backlog→Ready→To Do→In Progress→Code Review→Testing→Done,docs/standards/WORKFLOW_STATES_STANDARDS.md#2-sprintagile-workflow-scrum-guide-2020
Sprint & Agile Enhancements,Sprint Planning,"As a scrum master, I want effective sprint planning",Implement sprint commitment warnings,3,TODO,app.sprints.service.CSprintService,"Alert if commitment exceeds capacity, suggest items to remove, historical velocity comparison",Scrum Guide 2020,Scrum Guide 2020 Workflow: Backlog→Ready→To Do→In Progress→Code Review→Testing→Done,docs/standards/WORKFLOW_STATES_STANDARDS.md#2-sprintagile-workflow-scrum-guide-2020
Sprint & Agile Enhancements,Sprint Execution,"As a team member, I want to track sprint progress",Create sprint burndown chart,5,DONE,app.sprints.widget.CWidgetSprintBurndown,"Already implemented, verify accuracy and add ideal line",Scrum Guide 2020,Scrum Guide 2020 Workflow: Backlog→Ready→To Do→In Progress→Code Review→Testing→Done,docs/standards/WORKFLOW_STATES_STANDARDS.md#2-sprintagile-workflow-scrum-guide-2020
Sprint & Agile Enhancements,Sprint Execution,"As a team member, I want to track sprint progress",Add sprint burnup chart,5,TODO,app.sprints.widget.CWidgetSprintBurnup,"Track completed work vs total scope, show scope changes, more accurate than burndown",Scrum Guide 2020,Scrum Guide 2020 Workflow: Backlog→Ready→To Do→In Progress→Code Review→Testing→Done,docs/standards/WORKFLOW_STATES_STANDARDS.md#2-sprintagile-workflow-scrum-guide-2020
Sprint & Agile Enhancements,Sprint Execution,"As a team member, I want to track sprint progress",Implement daily standup board,8,TODO,app.sprints.view.CDailyStandupView,"Show yesterday's work, today's plan, blockers, quick update form, save history",Scrum Guide 2020,Scrum Guide 2020 Workflow: Backlog→Ready→To Do→In Progress→Code Review→Testing→Done,docs/standards/WORKFLOW_STATES_STANDARDS.md#2-sprintagile-workflow-scrum-guide-2020
Sprint & Agile Enhancements,Sprint Execution,"As a team member, I want to track sprint progress",Add sprint task board (kanban for sprint),8,TODO,app.sprints.view.CSprintTaskBoardView,"Kanban filtered to current sprint items, quick status updates, blocked items highlight",Scrum Guide 2020,Scrum Guide 2020 Workflow: Backlog→Ready→To Do→In Progress→Code Review→Testing→Done,docs/standards/WORKFLOW_STATES_STANDARDS.md#2-sprintagile-workflow-scrum-guide-2020
Sprint & Agile Enhancements,Sprint Execution,"As a team member, I want to track sprint progress",Implement blocker tracking,5,TODO,app.activities.domain.CActivityBlocker,"Flag items as blocked, track blocker reason, assign to resolver, show on boards",Scrum Guide 2020,Scrum Guide 2020 Workflow: Backlog→Ready→To Do→In Progress→Code Review→Testing→Done,docs/standards/WORKFLOW_STATES_STANDARDS.md#2-sprintagile-workflow-scrum-guide-2020
Sprint & Agile Enhancements,Sprint Review,"As a scrum master, I want effective sprint ceremonies",Create sprint review summary,5,TODO,app.sprints.report.CSprintReviewReport,"Completed items, velocity, demo checklist, stakeholder feedback, export to PDF",Scrum Guide 2020,Scrum Guide 2020 Workflow: Backlog→Ready→To Do→In Progress→Code Review→Testing→Done,docs/standards/WORKFLOW_STATES_STANDARDS.md#2-sprintagile-workflow-scrum-guide-2020
Sprint & Agile Enhancements,Sprint Review,"As a scrum master, I want effective sprint ceremonies",Implement retrospective board,8,TODO,app.sprints.view.CRetrospectiveView,"Went well / To improve / Action items, collaborative editing, anonymous mode, export",Scrum Guide 2020,Scrum Guide 2020 Workflow: Backlog→Ready→To Do→In Progress→Code Review→Testing→Done,docs/standards/WORKFLOW_STATES_STANDARDS.md#2-sprintagile-workflow-scrum-guide-2020
Sprint & Agile Enhancements,Sprint Review,"As a scrum master, I want effective sprint ceremonies",Add action item tracking from retros,5,TODO,app.sprints.domain.CRetroActionItem,"Create tasks from action items, assign owners, track completion, review in next retro",Scrum Guide 2020,Scrum Guide 2020 Workflow: Backlog→Ready→To Do→In Progress→Code Review→Testing→Done,docs/standards/WORKFLOW_STATES_STANDARDS.md#2-sprintagile-workflow-scrum-guide-2020
Sprint & Agile Enhancements,Sprint Review,"As a scrum master, I want effective sprint ceremonies",Generate sprint velocity report,3,TODO,app.sprints.report.CVelocityReport,"Track velocity per sprint, rolling average, predict future capacity, chart trends",Scrum Guide 2020,Scrum Guide 2020 Workflow: Backlog→Ready→To Do→In Progress→Code Review→Testing→Done,docs/standards/WORKFLOW_STATES_STANDARDS.md#2-sprintagile-workflow-scrum-guide-2020
Sprint & Agile Enhancements,Backlog Management,"As a product owner, I want organized backlog",Implement epic-story-task hierarchy in backlog,5,TODO,app.backlog.view.CBacklogHierarchyView,"Tree grid showing epics → stories → tasks, drag to reorder, quick create child items",Scrum Guide 2020,Scrum Guide 2020 Workflow: Backlog→Ready→To Do→In Progress→Code Review→Testing→Done,docs/standards/WORKFLOW_STATES_STANDARDS.md#2-sprintagile-workflow-scrum-guide-2020
Sprint & Agile Enhancements,Backlog Management,"As a product owner, I want organized backlog",Add backlog grooming/refinement view,8,TODO,app.backlog.view.CBacklogRefinementView,"Item details, estimation, acceptance criteria, ready/not ready, split stories",Scrum Guide 2020,Scrum Guide 2020 Workflow: Backlog→Ready→To Do→In Progress→Code Review→Testing→Done,docs/standards/WORKFLOW_STATES_STANDARDS.md#2-sprintagile-workflow-scrum-guide-2020
Sprint & Agile Enhancements,Backlog Management,"As a product owner, I want organized backlog",Implement MoSCoW prioritization,3,TODO,app.activities.domain.CActivity,"Add priority field: Must have, Should have, Could have, Won't have, filter/sort by priority",Scrum Guide 2020,Scrum Guide 2020 Workflow: Backlog→Ready→To Do→In Progress→Code Review→Testing→Done,docs/standards/WORKFLOW_STATES_STANDARDS.md#2-sprintagile-workflow-scrum-guide-2020
Sprint & Agile Enhancements,Backlog Management,"As a product owner, I want organized backlog",Add value vs effort matrix,8,TODO,app.backlog.view.CValueEffortMatrix,"Quadrant chart for prioritization, drag items between quadrants, export",Scrum Guide 2020,Scrum Guide 2020 Workflow: Backlog→Ready→To Do→In Progress→Code Review→Testing→Done,docs/standards/WORKFLOW_STATES_STANDARDS.md#2-sprintagile-workflow-scrum-guide-2020
Document Management,Document Organization,"As a user, I want organized documents",Fix attachment description not saving,2,DONE,app.attachments.view.CDialogAttachment,Already fixed in latest changes,,,
Document Management,Document Organization,"As a user, I want organized documents",Implement document folders/categories,5,TODO,app.documents.domain.CDocumentFolder,"Create folder hierarchy, move documents between folders, folder permissions",,,
Document Management,Document Organization,"As a user, I want organized documents",Add document tagging system,3,TODO,app.documents.domain.CDocumentTag,"Many-to-many tags, autocomplete, search by tag, tag cloud",,,
Document Management,Document Organization,"As a user, I want organized documents",Implement document templates,5,TODO,app.documents.domain.CDocumentTemplate,"Pre-defined templates for common docs, placeholders for variables, auto-fill from project data",,,
Document Management,Document Versioning,"As a user, I want version control",Enhance version number to semantic versioning,3,TODO,app.attachments.domain.CAttachment,"Change from integer to major.minor.patch, auto-increment on save, version comparison",,,
Document Management,Document Versioning,"As a user, I want version control",Add document version history view,5,TODO,app.attachments.view.CDocumentVersionHistoryView,"Grid of all versions, who/when changed, download any version, restore previous version",,,
Document Management,Document Versioning,"As a user, I want version control",Implement document comparison,8,TODO,app.documents.service.CDocumentComparisonService,"Side-by-side diff for text documents, highlight changes, support PDF comparison",,,
Document Management,Document Versioning,"As a user, I want version control",Add version approval workflow,5,TODO,app.documents.service.CDocumentApprovalService,"Submit for approval, multi-level reviewers, approval comments, version lock after approval",,,
Document Management,Document Collaboration,"As a user, I want to collaborate on documents",Implement document comments,5,TODO,app.documents.domain.CDocumentComment,"Add comments to documents, threaded replies, mention users, resolve/unresolve",,,
Document Management,Document Collaboration,"As a user, I want to collaborate on documents",Add document annotation (PDF),8,TODO,app.documents.view.CDocumentAnnotationView,"Annotate PDFs with highlights, comments, drawings, save annotations separately",,,
Document Management,Document Collaboration,"As a user, I want to collaborate on documents",Implement document check-out/check-in,5,TODO,app.documents.service.CDocumentLockService,"Lock document for editing, prevent concurrent edits, auto-release after timeout",,,
Document Management,Document Collaboration,"As a user, I want to collaborate on documents",Add document sharing with external users,5,TODO,app.documents.domain.CDocumentShare,"Generate shareable link, set expiry, password protect, track downloads",,,
Document Management,Document Search,"As a user, I want to find documents quickly",Implement full-text document search,8,TODO,app.documents.service.CDocumentSearchService,"Index document content (PDF, Word, Excel), search inside files, show snippets",,,
Document Management,Document Search,"As a user, I want to find documents quickly",Add advanced document filters,5,TODO,app.documents.view.CDocumentSearchView,"Filter by type, date range, author, size, project, tags, saved searches",,,
Document Management,Document Search,"As a user, I want to find documents quickly",Implement recently accessed documents,2,TODO,app.documents.service.CDocumentAccessService,"Track document access, show recent docs in dashboard, quick re-open",,,
Reporting & Analytics,Dashboard & KPIs,"As a manager, I want key metrics at a glance",Create customizable dashboard,8,TODO,app.dashboard.view.CCustomDashboardView,"Drag-drop widgets, resize, save layouts per user, widget library",,,
Reporting & Analytics,Dashboard & KPIs,"As a manager, I want key metrics at a glance",Add project health dashboard,8,TODO,app.dashboard.view.CProjectHealthDashboard,"RAG status, budget vs actual, schedule variance, resource utilization, risks",,,
Reporting & Analytics,Dashboard & KPIs,"As a manager, I want key metrics at a glance",Implement team performance metrics,5,TODO,app.dashboard.widget.CWidgetTeamPerformance,"Velocity, quality metrics, delivery rate, workload distribution",,,
Reporting & Analytics,Dashboard & KPIs,"As a manager, I want key metrics at a glance",Add portfolio overview dashboard,8,TODO,app.dashboard.view.CPortfolioDashboard,"All projects status, resource allocation across projects, strategic goals progress",,,
Reporting & Analytics,Standard Reports,"As a user, I want pre-built reports",Create project status report,5,TODO,app.reports.CProjectStatusReport,"Executive summary, progress, issues, next steps, export to PDF/Word",,,
Reporting & Analytics,Standard Reports,"As a user, I want pre-built reports",Add resource utilization report,5,TODO,app.reports.CResourceUtilizationReport,"Hours per user, allocation %, over/under utilized, forecast",,,
Reporting & Analytics,Standard Reports,"As a user, I want pre-built reports",Implement budget variance report,5,TODO,app.reports.CBudgetVarianceReport,"Planned vs actual costs, variance analysis, burn rate, forecast",,,
Reporting & Analytics,Standard Reports,"As a user, I want pre-built reports",Create risk register report,3,TODO,app.reports.CRiskRegisterReport,"All risks, probability/impact matrix, mitigation status, export",ISO 31000:2018,ISO 31000 Workflow: New→Identified→Assessed→Treatment Planned→In Progress→Treated→Under Review→Closed,docs/standards/WORKFLOW_STATES_STANDARDS.md#1-risk-management-workflow-iso-310002018
Reporting & Analytics,Custom Reports,"As a power user, I want custom reports",Implement report builder,13,TODO,app.reports.view.CReportBuilderView,"Drag-drop fields, filters, grouping, sorting, preview, save templates",,,
Reporting & Analytics,Custom Reports,"As a power user, I want custom reports",Add SQL query report builder,8,TODO,app.reports.view.CSQLReportBuilder,"For admins only, write SQL, parameters, save queries, security validation",,,
Reporting & Analytics,Custom Reports,"As a power user, I want custom reports",Implement scheduled reports,5,TODO,app.reports.service.CScheduledReportService,"Schedule report generation, email delivery, recurring schedules",,,
Notifications & Alerts,Notification System,"As a user, I want timely notifications",Enhance in-app notification center,5,TODO,api.ui.notifications.CNotificationCenter,"Notification bell icon, unread count, notification list, mark as read, delete",,,
Notifications & Alerts,Notification System,"As a user, I want timely notifications",Add email notification service,5,TODO,api.notifications.CEmailNotificationService,"Send email for important events, configurable templates, batch notifications",,,
Notifications & Alerts,Notification System,"As a user, I want timely notifications",Implement push notifications (browser),5,TODO,api.notifications.CPushNotificationService,"Browser push notifications, request permission, send via service worker",,,
Notifications & Alerts,Notification System,"As a user, I want timely notifications",Add notification preferences per event type,5,TODO,base.users.domain.CUserNotificationPreferences,"Fine-grained control: task assigned, comment added, deadline approaching, etc.",,,
Notifications & Alerts,Alerts & Reminders,"As a user, I want proactive alerts",Implement deadline alerts,3,TODO,api.notifications.CDeadlineAlertService,"Alert 1 day, 3 days, 1 week before deadline, configurable, snooze option",,,
Notifications & Alerts,Alerts & Reminders,"As a user, I want proactive alerts",Add overdue task notifications,3,TODO,api.notifications.COverdueTaskService,"Daily digest of overdue items, escalate to manager if not addressed",,,
Notifications & Alerts,Alerts & Reminders,"As a user, I want proactive alerts",Implement budget threshold alerts,3,TODO,api.notifications.CBudgetAlertService,"Alert when project reaches 75%, 90%, 100% of budget",,,
Notifications & Alerts,Alerts & Reminders,"As a user, I want proactive alerts",Add @mention notifications,5,TODO,api.notifications.CMentionNotificationService,"Notify when mentioned in comments, descriptions, real-time, email + in-app",,,
Team Collaboration,Team Management,"As a manager, I want to manage teams",Create CTeam entity,3,TODO,app.teams.domain.CTeam,"Extend CEntityOfCompany, add name, description, teamLead, members (many-to-many with CUser)",,,
Team Collaboration,Team Management,"As a manager, I want to manage teams",Implement team page/view,5,TODO,app.teams.view.CTeamView,"CRUD operations for teams, add/remove members, set team lead, team calendar",,,
Team Collaboration,Team Management,"As a manager, I want to manage teams",Add team-based permissions,8,TODO,app.teams.service.CTeamPermissionService,"Assign projects to teams, team-level visibility, team admin role",,,
Team Collaboration,Team Management,"As a manager, I want to manage teams",Create team directory,3,TODO,app.teams.view.CTeamDirectoryView,"List all teams, search, filter by project, show team members",,,
Team Collaboration,Team Communication,"As a team member, I want to communicate easily",Implement team chat (per project/team),13,TODO,app.chat.view.CTeamChatView,"Real-time chat using Vaadin Push, channels per project/team, @mentions, file sharing",,,
Team Collaboration,Team Communication,"As a team member, I want to communicate easily",Add discussion threads on activities,5,TODO,app.activities.domain.CActivityDiscussion,"Forum-style threads, subscribe to thread, threaded replies, resolve discussion",,,
Team Collaboration,Team Communication,"As a team member, I want to communicate easily",Implement team announcements,3,TODO,app.teams.domain.CTeamAnnouncement,"Broadcast messages to team, pin important announcements, acknowledge receipt",,,
Team Collaboration,Team Workload,"As a manager, I want balanced workload",Create team workload view,8,TODO,app.teams.view.CTeamWorkloadView,"Visual workload per team member, drag to reassign, capacity vs allocation",,,
Team Collaboration,Team Workload,"As a manager, I want balanced workload",Add workload forecasting,8,TODO,app.teams.service.CWorkloadForecastService,"Predict future workload based on sprint commitments, warn of overallocation",,,
Team Collaboration,Team Workload,"As a manager, I want balanced workload",Implement automatic workload balancing suggestions,8,TODO,app.teams.service.CWorkloadBalancerService,"AI-based suggestions for task reassignment, skill matching, availability consideration",,,
Risk & Issue Management,Risk Management,"As a project manager, I want to manage risks",Create CRisk entity,3,TODO,app.risks.domain.CRisk,"Extend CProjectItem, add probability, impact, mitigation plan, owner, status",ISO 31000:2018,ISO 31000 Workflow: New→Identified→Assessed→Treatment Planned→In Progress→Treated→Under Review→Closed,docs/standards/WORKFLOW_STATES_STANDARDS.md#1-risk-management-workflow-iso-310002018
Risk & Issue Management,Risk Management,"As a project manager, I want to manage risks",Implement risk register view,5,TODO,app.risks.view.CRiskRegisterView,"Grid of all risks, CRUD operations, inline editing, export",ISO 31000:2018,ISO 31000 Workflow: New→Identified→Assessed→Treatment Planned→In Progress→Treated→Under Review→Closed,docs/standards/WORKFLOW_STATES_STANDARDS.md#1-risk-management-workflow-iso-310002018
Risk & Issue Management,Risk Management,"As a project manager, I want to manage risks",Add risk probability/impact matrix,8,TODO,app.risks.view.CRiskMatrixView,"Quadrant chart, drag to change P/I, color coding, click for details",ISO 31000:2018,ISO 31000 Workflow: New→Identified→Assessed→Treatment Planned→In Progress→Treated→Under Review→Closed,docs/standards/WORKFLOW_STATES_STANDARDS.md#1-risk-management-workflow-iso-310002018
Risk & Issue Management,Risk Management,"As a project manager, I want to manage risks",Implement risk mitigation tracking,5,TODO,app.risks.domain.CRiskMitigation,"Mitigation actions as tasks, assign, track progress, effectiveness review",ISO 31000:2018,ISO 31000 Workflow: New→Identified→Assessed→Treatment Planned→In Progress→Treated→Under Review→Closed,docs/standards/WORKFLOW_STATES_STANDARDS.md#1-risk-management-workflow-iso-310002018
Risk & Issue Management,Risk Management,"As a project manager, I want to manage risks",Add risk heat map,5,TODO,app.risks.view.CRiskHeatMapView,"Visual representation of all risks, filter by status, export to PDF",ISO 31000:2018,ISO 31000 Workflow: New→Identified→Assessed→Treatment Planned→In Progress→Treated→Under Review→Closed,docs/standards/WORKFLOW_STATES_STANDARDS.md#1-risk-management-workflow-iso-310002018
Risk & Issue Management,Issue Management,"As a user, I want to track issues","Create CIssue entity (bugs, problems)",3,TODO,app.issues.domain.CIssue,"Extend CProjectItem, add severity, steps to reproduce, resolution, related items",ISO 31000:2018,ISO 31000 Workflow: New→Identified→Assessed→Treatment Planned→In Progress→Treated→Under Review→Closed,docs/standards/WORKFLOW_STATES_STANDARDS.md#1-risk-management-workflow-iso-310002018
Risk & Issue Management,Issue Management,"As a user, I want to track issues",Implement issue tracking view,5,TODO,app.issues.view.CIssueTrackerView,"Bug tracker interface, kanban for issues, quick triage, batch operations",ISO 31000:2018,ISO 31000 Workflow: New→Identified→Assessed→Treatment Planned→In Progress→Treated→Under Review→Closed,docs/standards/WORKFLOW_STATES_STANDARDS.md#1-risk-management-workflow-iso-310002018
Risk & Issue Management,Issue Management,"As a user, I want to track issues",Add issue templates,3,TODO,app.issues.domain.CIssueTemplate,"Pre-defined fields for bug, feature request, support ticket, auto-fill",ISO 31000:2018,ISO 31000 Workflow: New→Identified→Assessed→Treatment Planned→In Progress→Treated→Under Review→Closed,docs/standards/WORKFLOW_STATES_STANDARDS.md#1-risk-management-workflow-iso-310002018
Risk & Issue Management,Issue Management,"As a user, I want to track issues",Implement issue relationship tracking,5,TODO,app.issues.domain.CIssueLink,"Link issues: blocks, is blocked by, duplicates, relates to, visual graph",ISO 31000:2018,ISO 31000 Workflow: New→Identified→Assessed→Treatment Planned→In Progress→Treated→Under Review→Closed,docs/standards/WORKFLOW_STATES_STANDARDS.md#1-risk-management-workflow-iso-310002018
Gantt Chart & Scheduling,Gantt Chart,"As a project manager, I want visual scheduling",Implement Gantt chart view,13,TODO,app.gantt.view.CGanttChartView,"Use Gantt addon, show activities with dates, dependencies, milestones, baseline",,,
Gantt Chart & Scheduling,Gantt Chart,"As a project manager, I want visual scheduling",Add dependency management,8,TODO,app.activities.domain.CActivityDependency,"Create dependencies: finish-to-start, start-to-start, etc., enforce in scheduling",,,
Gantt Chart & Scheduling,Gantt Chart,"As a project manager, I want visual scheduling",Implement critical path calculation,8,TODO,app.gantt.service.CCriticalPathService,"Calculate critical path, highlight in red, show float/slack time",,,
Gantt Chart & Scheduling,Gantt Chart,"As a project manager, I want visual scheduling",Add baseline tracking,5,TODO,app.activities.domain.CActivityBaseline,"Save baseline dates, compare actual vs baseline, variance reporting",,,
Gantt Chart & Scheduling,Gantt Chart,"As a project manager, I want visual scheduling",Implement resource leveling,8,TODO,app.gantt.service.CResourceLevelingService,"Automatically adjust schedule to avoid resource conflicts, show impact",,,
Gantt Chart & Scheduling,Milestones,"As a project manager, I want milestone tracking",Create CMilestone entity,3,TODO,app.projects.domain.CMilestone,"Add to project, target date, deliverables, achieved status",,,
Gantt Chart & Scheduling,Milestones,"As a project manager, I want milestone tracking",Add milestone view/timeline,5,TODO,app.projects.view.CMilestoneTimelineView,"Visual timeline of milestones, completed vs upcoming, export",,,
Gantt Chart & Scheduling,Milestones,"As a project manager, I want milestone tracking",Implement phase management,5,TODO,app.projects.domain.CProjectPhase,"Define project phases, activities belong to phases, phase gates",,,
Budget & Financial Management,Budget Planning,"As a project manager, I want budget tracking",Create budget entity per project,3,TODO,app.projects.domain.CProjectBudget,"Total budget, categories (labor, materials, etc.), contingency",PMI PMBOK 7th Ed (EVM),PMBOK Workflow: Draft→Submitted→Under Review→Approved→Active→Closed,docs/standards/WORKFLOW_STATES_STANDARDS.md#4-budgetfinancial-workflow-pmbok
Budget & Financial Management,Budget Planning,"As a project manager, I want budget tracking",Implement cost tracking per activity,5,TODO,app.activities.domain.CActivityCost,"Estimated cost, actual cost, variance, labor + material costs",PMI PMBOK 7th Ed (EVM),PMBOK Workflow: Draft→Submitted→Under Review→Approved→Active→Closed,docs/standards/WORKFLOW_STATES_STANDARDS.md#4-budgetfinancial-workflow-pmbok
Budget & Financial Management,Budget Planning,"As a project manager, I want budget tracking",Add budget burn rate chart,5,TODO,app.projects.widget.CWidgetBudgetBurnRate,"Chart showing spend over time, projected vs actual, forecast completion",PMI PMBOK 7th Ed (EVM),PMBOK Workflow: Draft→Submitted→Under Review→Approved→Active→Closed,docs/standards/WORKFLOW_STATES_STANDARDS.md#4-budgetfinancial-workflow-pmbok
Budget & Financial Management,Budget Planning,"As a project manager, I want budget tracking",Implement budget approval workflow,5,TODO,app.projects.service.CBudgetApprovalService,"Submit for approval, multi-level, change request process",PMI PMBOK 7th Ed (EVM),PMBOK Workflow: Draft→Submitted→Under Review→Approved→Active→Closed,docs/standards/WORKFLOW_STATES_STANDARDS.md#4-budgetfinancial-workflow-pmbok
Budget & Financial Management,Invoicing,"As a finance user, I want to manage invoicing",Create CInvoice entity,3,TODO,app.finance.domain.CInvoice,"Link to project, line items, tax, payment terms, status",PMI PMBOK 7th Ed (EVM),PMBOK Workflow: Draft→Submitted→Under Review→Approved→Active→Closed,docs/standards/WORKFLOW_STATES_STANDARDS.md#4-budgetfinancial-workflow-pmbok
Budget & Financial Management,Invoicing,"As a finance user, I want to manage invoicing",Implement invoice generation from time entries,8,TODO,app.finance.service.CInvoiceGenerationService,"Select billable time entries, generate invoice, apply rates, tax calculation",PMI PMBOK 7th Ed (EVM),PMBOK Workflow: Draft→Submitted→Under Review→Approved→Active→Closed,docs/standards/WORKFLOW_STATES_STANDARDS.md#4-budgetfinancial-workflow-pmbok
Budget & Financial Management,Invoicing,"As a finance user, I want to manage invoicing",Add invoice templates,5,TODO,app.finance.domain.CInvoiceTemplate,"Customizable invoice layouts, company branding, PDF generation",PMI PMBOK 7th Ed (EVM),PMBOK Workflow: Draft→Submitted→Under Review→Approved→Active→Closed,docs/standards/WORKFLOW_STATES_STANDARDS.md#4-budgetfinancial-workflow-pmbok
Quality Management,Testing & QA,"As a QA engineer, I want test management",Create CValidationCase entity,3,TODO,app.quality.domain.CValidationCase,"Test steps, expected results, pre-conditions, link to requirements","IEEE 829, ISO/IEC/IEEE 29119",IEEE 829/29119 Workflow: Ready→In Progress→Passed/Failed/Blocked,docs/standards/WORKFLOW_STATES_STANDARDS.md
Quality Management,Testing & QA,"As a QA engineer, I want test management",Implement test execution tracking,5,TODO,app.quality.domain.CValidationExecution,"Execute tests, pass/fail/blocked, defects found, screenshots","IEEE 829, ISO/IEC/IEEE 29119",IEEE 829/29119 Workflow: Ready→In Progress→Passed/Failed/Blocked,docs/standards/WORKFLOW_STATES_STANDARDS.md
Quality Management,Testing & QA,"As a QA engineer, I want test management",Add test suite management,5,TODO,app.quality.domain.CValidationSuite,"Group test cases, run entire suite, progress tracking","IEEE 829, ISO/IEC/IEEE 29119",IEEE 829/29119 Workflow: Ready→In Progress→Passed/Failed/Blocked,docs/standards/WORKFLOW_STATES_STANDARDS.md
Quality Management,Testing & QA,"As a QA engineer, I want test management",Implement test automation results integration,8,TODO,app.quality.service.CTestAutomationService,"Import results from Jenkins/CI, link to test cases, trend analysis","IEEE 829, ISO/IEC/IEEE 29119",IEEE 829/29119 Workflow: Ready→In Progress→Passed/Failed/Blocked,docs/standards/WORKFLOW_STATES_STANDARDS.md
Quality Management,Defect Management,"As a QA engineer, I want defect tracking",Create CDefect entity,3,TODO,app.quality.domain.CDefect,"Extend CIssue, add found in version, fixed in version, retest status","ISO 9001:2015, Six Sigma",IEEE 1044 Workflow: New→Open→Assigned→In Progress→Resolved→Verified→Closed,docs/standards/WORKFLOW_STATES_STANDARDS.md#6-issuedefect-workflow-ieee-1044
Quality Management,Defect Management,"As a QA engineer, I want defect tracking",Implement defect lifecycle,5,TODO,app.quality.service.CDefectLifecycleService,"New → Assigned → Fixed → Retest → Closed, workflow enforcement","ISO 9001:2015, Six Sigma",IEEE 1044 Workflow: New→Open→Assigned→In Progress→Resolved→Verified→Closed,docs/standards/WORKFLOW_STATES_STANDARDS.md#6-issuedefect-workflow-ieee-1044
Quality Management,Defect Management,"As a QA engineer, I want defect tracking",Add defect density metrics,5,TODO,app.quality.analytics.CDefectDensityReport,"Defects per module, defect severity distribution, trends","ISO 9001:2015, Six Sigma",IEEE 1044 Workflow: New→Open→Assigned→In Progress→Resolved→Verified→Closed,docs/standards/WORKFLOW_STATES_STANDARDS.md#6-issuedefect-workflow-ieee-1044
Meeting Management Enhancements,Meeting Features,"As a user, I want effective meetings",Add meeting agenda builder,5,TODO,app.meetings.domain.CMeetingAgenda,"Create agenda items, time allocation, presenter, link to documents",,Standard PM Workflow: New→Open→In Progress→On Hold→Completed→Closed,docs/standards/WORKFLOW_STATES_STANDARDS.md#5-activitytask-workflow-common-project-management
Meeting Management Enhancements,Meeting Features,"As a user, I want effective meetings",Implement meeting minutes/notes,5,PARTIAL,app.meetings.domain.CMeeting,"Already has description field, enhance with rich text editor, action items extraction",,Standard PM Workflow: New→Open→In Progress→On Hold→Completed→Closed,docs/standards/WORKFLOW_STATES_STANDARDS.md#5-activitytask-workflow-common-project-management
Meeting Management Enhancements,Meeting Features,"As a user, I want effective meetings",Add action item tracking from meetings,5,TODO,app.meetings.domain.CMeetingActionItem,"Extract action items, assign, due date, track completion, review in next meeting",,Standard PM Workflow: New→Open→In Progress→On Hold→Completed→Closed,docs/standards/WORKFLOW_STATES_STANDARDS.md#5-activitytask-workflow-common-project-management
Meeting Management Enhancements,Meeting Features,"As a user, I want effective meetings",Implement meeting room booking,5,TODO,app.meetings.domain.CMeetingRoom,"Define rooms, capacity, equipment, booking calendar, conflict detection",,Standard PM Workflow: New→Open→In Progress→On Hold→Completed→Closed,docs/standards/WORKFLOW_STATES_STANDARDS.md#5-activitytask-workflow-common-project-management
Meeting Management Enhancements,Meeting Features,"As a user, I want effective meetings",Add meeting attendance tracking,3,TODO,app.meetings.domain.CMeetingAttendance,"Track who attended, absent, late, meeting effectiveness metrics",,Standard PM Workflow: New→Open→In Progress→On Hold→Completed→Closed,docs/standards/WORKFLOW_STATES_STANDARDS.md#5-activitytask-workflow-common-project-management
Integration & API,External Integrations,"As an admin, I want system integrations",Implement REST API for external access,13,TODO,api.rest,"Create REST controllers for main entities, authentication, documentation with Swagger",,,
Integration & API,External Integrations,"As an admin, I want system integrations",Add Jira integration,13,TODO,api.integrations.jira,"Sync issues bi-directionally, map fields, webhook support",,,
Integration & API,External Integrations,"As an admin, I want system integrations",Implement email integration,8,TODO,api.integrations.email,"Create tasks from emails, comment via email reply, IMAP/POP3 support",,,
Integration & API,External Integrations,"As an admin, I want system integrations","Add calendar integration (Google, Outlook)",8,TODO,api.integrations.calendar,"Sync meetings, show availability, two-way sync",,,
Integration & API,External Integrations,"As an admin, I want system integrations",Implement Slack/Teams integration,8,TODO,api.integrations.chat,"Post notifications to channels, create tasks from chat, bot commands",,,
Mobile Optimization,Mobile Experience,"As a mobile user, I want responsive UI",Optimize kanban board for mobile,8,TODO,app.kanban.view.CKanbanView,"Touch-friendly drag-drop, swipe gestures, column carousel for small screens",,,
Mobile Optimization,Mobile Experience,"As a mobile user, I want responsive UI",Create mobile-optimized dashboard,8,TODO,app.dashboard.view.CMobileDashboardView,"Vertical layout, swipeable widgets, offline support",,,
Mobile Optimization,Mobile Experience,"As a mobile user, I want responsive UI",Add quick capture for mobile,5,TODO,app.mobile.view.CQuickCaptureView,"Fast task creation, voice notes, photo attachment, minimal fields",,,
Mobile Optimization,Mobile Experience,"As a mobile user, I want responsive UI",Implement offline mode,13,TODO,api.offline,"Service worker, IndexedDB cache, sync when online, conflict resolution",,,
Search & Navigation,Global Search,"As a user, I want to find anything quickly",Implement global search,8,TODO,api.search.CGlobalSearchService,"Search across all entities, keyboard shortcut (Ctrl+K), results preview",,,
Search & Navigation,Global Search,"As a user, I want to find anything quickly",Add search filters and facets,5,TODO,api.search.view.CSearchResultsView,"Filter by type, date, project, user, sort by relevance",,,
Search & Navigation,Global Search,"As a user, I want to find anything quickly",Implement command palette,8,TODO,api.ui.component.CCommandPalette,"Quick actions via keyboard (Ctrl+K), fuzzy search, recent/frequent actions",,,
Search & Navigation,Global Search,"As a user, I want to find anything quickly",Add breadcrumb navigation,3,TODO,api.ui.component.CBreadcrumb,"Show current location, clickable path, auto-generate from view hierarchy",,,
Performance & Scalability,Performance,"As a user, I want fast application",Implement lazy loading for grids,5,TODO,api.grid.CGlidEnhanced,"Use DataProvider with lazy loading, pagination backend, virtual scrolling",,,
Performance & Scalability,Performance,"As a user, I want fast application",Add caching layer,8,TODO,api.cache,"Redis/Hazelcast integration, cache frequently accessed data, invalidation strategy",,,
Performance & Scalability,Performance,"As a user, I want fast application",Optimize database queries,8,TODO,All repositories,"Add indexes, use JOIN FETCH, analyze slow queries, implement query caching",,,
Performance & Scalability,Performance,"As a user, I want fast application",Implement background job processing,8,TODO,api.jobs,"Async processing for reports, notifications, use job queue, monitor status",,,
Security Enhancements,Security,"As an admin, I want secure system",Implement audit logging,8,TODO,api.audit,"Track all CRUD operations, who/when/what changed, searchable audit log",,,
Security Enhancements,Security,"As an admin, I want secure system",Add field-level permissions,8,TODO,api.security.CFieldLevelSecurity,"Hide/show fields based on role, read-only vs editable, per entity configuration",,,
Security Enhancements,Security,"As an admin, I want secure system",Implement data encryption at rest,8,TODO,api.security.CDataEncryption,"Encrypt sensitive fields (salary, SSN), key management, transparent decryption",,,
Security Enhancements,Security,"As an admin, I want secure system",Add IP whitelisting,3,TODO,api.security.CIPWhitelistService,"Restrict access by IP, different lists for users/admins, bypass for specific users",,,
UI/UX Improvements,UI Polish,"As a user, I want beautiful UI",Implement dark mode,5,PARTIAL,api.ui.theme,"Already has theme support, create dark theme variant, persist preference",,,
UI/UX Improvements,UI Polish,"As a user, I want beautiful UI",Add loading skeletons,3,TODO,api.ui.component.CSkeleton,"Show skeleton screens during data load, better perceived performance",,,
UI/UX Improvements,UI Polish,"As a user, I want beautiful UI",Implement toast notification animations,2,TODO,api.ui.notifications.CNotificationService,"Smooth slide-in/out, stacking, pause on hover, swipe to dismiss",,,
UI/UX Improvements,UI Polish,"As a user, I want beautiful UI",Add empty state illustrations,3,TODO,api.ui.component.CEmptyState,"Custom illustrations for empty grids, helpful text, quick action button",,,
UI/UX Improvements,UI Polish,"As a user, I want beautiful UI",Implement keyboard shortcuts,5,TODO,api.ui.shortcuts.CKeyboardShortcuts,"Global shortcuts, context-aware, show help overlay, customizable",,,
Code Quality,Coding Standards,"As a developer, I follow patterns",Enforce entity-enabled columns usage,2,TODO,docs/architecture/coding-standards.md,"Add rule: Use entity columns (CGridColumnEntity) for entity references like assignedTo, approvedBy, status. Benefits: automatic formatting, icon display, click-to-view",,,
Code Quality,Coding Standards,"As a developer, I follow patterns",Document attachment dialog patterns,2,TODO,docs/architecture/coding-standards.md,"Add rule: Always use existing CDBEditDialog base, use FormBuilder for fields, same dialog for add/edit, selection-aware grid, double-click to edit",,,
Code Quality,Coding Standards,"As a developer, I follow patterns",Document CRUD pattern standards,2,TODO,docs/architecture/coding-standards.md,"Add rule: All CRUD views must have: selection-aware toolbar, double-click grid editing, inline validation, optimistic locking handling, confirmation dialogs",,,
Code Quality,Coding Standards,"As a developer, I follow patterns",Document grid component standards,2,TODO,docs/architecture/coding-standards.md,"Add rule: All display grids must: update toolbar on selection change, enable/disable buttons based on selection, support keyboard navigation, have configurable columns",,,
